"Type","File","SourceLineStart","SourceSIBKPT1","SourceSIBKPT2","SourceSOBKPT1","SourceSOBKPT2","StepMidLineStart","StepInBKPT1","StepInBKPT2","StepOutBKPT1","StepOutBKPT2","InstBlockStart","InstBlockEnd","VarPrim","Size","Cname/LinkFile","ShowName","Offset","Source","Types","Element","SUBase","Anchor"
"enum","F_467EBAA5.S.CODE.ASM","1","","","","","","","","","","","","","1","NoNameStruct0","NoNameStruct0","","F.C","","3","-1",""
"enum","F_467EBAA5.S.CODE.ASM","1","","","","","","","","","","","","","1","NoNameStruct0","false","","F.C","","0","-1",""
"enum","F_467EBAA5.S.CODE.ASM","1","","","","","","","","","","","","","1","NoNameStruct0","true","","F.C","","1","-1",""
"enum","F_467EBAA5.S.CODE.ASM","4","","","","","","","","","","","","","1","bool","bool","","F.C","","3","-1",""
"enum","F_467EBAA5.S.CODE.ASM","4","","","","","","","","","","","","","1","bool","false","","F.C","","0","-1",""
"enum","F_467EBAA5.S.CODE.ASM","4","","","","","","","","","","","","","1","bool","true","","F.C","","1","-1",""
"typedef","F_467EBAA5.S.CODE.ASM","","","","","","","","11","","","","","917586","1","bool","bool","","F.C","7","1","1",""
"union","F_467EBAA5.S.CODE.ASM","8","","","","","","","","","","","","262144","0","_lptr_ptr","_lptr_ptr","3","F.C","6","2","-1",""
"union","F_467EBAA5.S.CODE.ASM","8","","","","","0","0","0","0","","","","67108881","1","_lptr_ptr","po","0","F.C","1","1","-1",""
"union","F_467EBAA5.S.CODE.ASM","8","","","","","0","0","0","0","","","","17","1","_lptr_ptr","pa","0","F.C","1","1","-1",""
"struct","F_467EBAA5.S.CODE.ASM","11","","","","","","","","","","","","131072","0","_lptr_member","_lptr_member","3","F.C","6","4","-1",""
"struct","F_467EBAA5.S.CODE.ASM","11","","","","","0","0","0","0","","","","262230","1","_lptr_member","ptr","0","F.C","1","1","8",""
"struct","F_467EBAA5.S.CODE.ASM","11","","","","","0","0","0","0","","","","3","1","_lptr_member","hadr","1","F.C","1","1","-1",""
"union","F_467EBAA5.S.CODE.ASM","14","","","","","","","","","","","","262144","0","_lptr_i","_lptr_i","3","F.C","6","4","-1",""
"union","F_467EBAA5.S.CODE.ASM","14","","","","","0","0","0","0","","","","131161","2","_lptr_i","P","0","F.C","1","1","11",""
"union","F_467EBAA5.S.CODE.ASM","14","","","","","0","0","0","0","","","","5","2","_lptr_i","L","0","F.C","1","1","-1",""
"struct","F_467EBAA5.S.CODE.ASM","17","","","","","","","","","","","","131072","0","_dtxtone","_dtxtone","7","F.C","6","16","-1",""
"struct","F_467EBAA5.S.CODE.ASM","17","","","","","0","0","0","0","","","","5","2","_dtxtone","ENVADR","0","F.C","1","1","-1",""
"struct","F_467EBAA5.S.CODE.ASM","17","","","","","0","0","0","0","","","","5","2","_dtxtone","ENVSTA","2","F.C","1","1","-1",""
"struct","F_467EBAA5.S.CODE.ASM","17","","","","","0","0","0","0","","","","3","1","_dtxtone","TONE","4","F.C","1","1","-1",""
"struct","F_467EBAA5.S.CODE.ASM","17","","","","","0","0","0","0","","","","3","1","_dtxtone","TONECNT","5","F.C","1","1","-1",""
"struct","F_467EBAA5.S.CODE.ASM","17","","","","","0","0","0","0","","","","3","1","_dtxtone","FLTG","6","F.C","1","1","-1",""
"struct","F_467EBAA5.S.CODE.ASM","17","","","","","0","0","0","0","","","","3","1","_dtxtone","MOD","7","F.C","1","1","-1",""
"struct","F_467EBAA5.S.CODE.ASM","24","","","","","","","","","","","","131072","0","DTXTONE","_dtxtone","7","F.C","6","16","-1",""
"struct","F_467EBAA5.S.CODE.ASM","24","","","","","0","0","0","0","","","","5","2","DTXTONE","ENVADR","0","F.C","1","1","-1",""
"struct","F_467EBAA5.S.CODE.ASM","24","","","","","0","0","0","0","","","","5","2","DTXTONE","ENVSTA","2","F.C","1","1","-1",""
"struct","F_467EBAA5.S.CODE.ASM","24","","","","","0","0","0","0","","","","3","1","DTXTONE","TONE","4","F.C","1","1","-1",""
"struct","F_467EBAA5.S.CODE.ASM","24","","","","","0","0","0","0","","","","3","1","DTXTONE","TONECNT","5","F.C","1","1","-1",""
"struct","F_467EBAA5.S.CODE.ASM","24","","","","","0","0","0","0","","","","3","1","DTXTONE","FLTG","6","F.C","1","1","-1",""
"struct","F_467EBAA5.S.CODE.ASM","24","","","","","0","0","0","0","","","","3","1","DTXTONE","MOD","7","F.C","1","1","-1",""
"typedef","F_467EBAA5.S.CODE.ASM","","","","","","","","11","","","","","131171","8","DTXTONE","DTXTONE","","F.C","6","1","17",""
"global","F_467EBAA5.S.CODE.ASM","","","","","","","","2","","","","","268435459","1","dtxfltg","dtxfltg","","F.C","1","1","-1",""
"global","F_467EBAA5.S.CODE.ASM","","","","","","","","2","","","","","268435459","1","dtxsongcnt","dtxsongcnt","","F.C","1","1","-1",""
"global","F_467EBAA5.S.CODE.ASM","","[0]","","","","","","2","","","","","268566627","8","dtxtonech","dtxtonech","","F.C","2","0","31",""
"global","F_467EBAA5.S.CODE.ASM","","[0]","","","","","","2","","","","","268435461","2","dtxRender","dtxRender","","F.C","2","0","-1",""
"global","F_467EBAA5.S.CODE.ASM","","","","","","","","2","","","","","3","1","_flags026116D5","flags","","F.C","1","1","-1",""
"global","F_467EBAA5.S.CODE.ASM","","","","","","","","2","","","","","3","1","_songidx8C42F7DA","songidx","","F.C","1","1","-1",""
"typedef","F_467EBAA5.S.CODE.ASM","","","","","","","","11","","","","","19","1","keycallback","keycallback","","F.C","1","1","-1",""
"struct","F_467EBAA5.S.CODE.ASM","39","","","","","","","","","","","","131072","0","_KEYTABLE","_KEYTABLE","4","F.C","6","6","-1",""
"struct","F_467EBAA5.S.CODE.ASM","39","","","","","0","0","0","0","","","","19","1","_KEYTABLE","push","0","F.C","1","1","38",""
"struct","F_467EBAA5.S.CODE.ASM","39","","","","","0","0","0","0","","","","19","1","_KEYTABLE","hold","1","F.C","1","1","38",""
"struct","F_467EBAA5.S.CODE.ASM","39","","","","","0","0","0","0","","","","19","1","_KEYTABLE","release","2","F.C","1","1","38",""
"struct","F_467EBAA5.S.CODE.ASM","43","","","","","","","","","","","","131072","0","KEYTABLE","_KEYTABLE","4","F.C","6","6","-1",""
"struct","F_467EBAA5.S.CODE.ASM","43","","","","","0","0","0","0","","","","19","1","KEYTABLE","push","0","F.C","1","1","38",""
"struct","F_467EBAA5.S.CODE.ASM","43","","","","","0","0","0","0","","","","19","1","KEYTABLE","hold","1","F.C","1","1","38",""
"struct","F_467EBAA5.S.CODE.ASM","43","","","","","0","0","0","0","","","","19","1","KEYTABLE","release","2","F.C","1","1","38",""
"typedef","F_467EBAA5.S.CODE.ASM","","","","","","","","11","","","","","131198","3","KEYTABLE","KEYTABLE","","F.C","6","1","39",""
"global","F_467EBAA5.S.CODE.ASM","","[5]","","","","","","2","","","","","50462846","3","_keyfuncF06F3D55","keyfunc","","F.C","2","5","47",""
"global","F_467EBAA5.S.CODE.ASM","","[0]","","","","","","2","","","","","318767107","1","melody","melody","","F.C","2","0","-1",""
"func","F_467EBAA5.S.CODE.ASM","52","53","84","","","23","25","168","","","50","80","16","","_main","main","","F.C","","","","_AB97CD6AD_0"
"stmt","F_467EBAA5.S.CODE.ASM","53","53","53","53","54","","28","30","28","30","51","52","","","","","50","F.C","","","","_AB97CD6AD_1"
"call","F_467EBAA5.S.CODE.ASM","53","53","53","53","54","","30","35","32","35","","","","","_InitialDA4A7CC4","","51","F.C","","","","_AB97CD6AD_2"
"stmt","F_467EBAA5.S.CODE.ASM","54","54","54","54","56","","35","37","35","37","53","54","","","","","50","F.C","","","","_AB97CD6AD_3"
"call","F_467EBAA5.S.CODE.ASM","54","54","54","54","56","","37","42","39","42","","","","","_InitKey3C587B6D","","53","F.C","","","","_AB97CD6AD_4"
"stmt","F_467EBAA5.S.CODE.ASM","56","56","57","56","57","","42","46","42","46","55","55","","","","","50","F.C","","","","_AB97CD6AD_5"
"stmt","F_467EBAA5.S.CODE.ASM","57","57","58","57","58","","46","50","46","50","56","56","","","","","50","F.C","","","","_AB97CD6AD_6"
"stmt","F_467EBAA5.S.CODE.ASM","58","58","59","58","59","","50","54","50","54","57","57","","","","","50","F.C","","","","_AB97CD6AD_7"
"stmt","F_467EBAA5.S.CODE.ASM","59","59","61","59","61","","54","58","54","58","58","58","","","","","50","F.C","","","","_AB97CD6AD_8"
"stmt","F_467EBAA5.S.CODE.ASM","61","61","61","61","63","","58","60","58","60","59","60","","","","","50","F.C","","","","_AB97CD6AD_9"
"call","F_467EBAA5.S.CODE.ASM","61","61","61","61","63","","60","67","62","67","","","","","dtxInitialize","","59","F.C","","","","_AB97CD6AD_10"
"while","F_467EBAA5.S.CODE.ASM","63","64","69","64","69","67","69","101","69","101","61","65","62","62","","","50","F.C","","","","_AB97CD6AD_11"
"call","F_467EBAA5.S.CODE.ASM","63","63","63","63","63","","69","80","71","80","","","","","_dtxFindToneEntry12F3B4ED","","61","F.C","","","","_AB97CD6AD_12"
"while","F_467EBAA5.S.CODE.ASM","66","66","67","66","67","91","93","97","93","97","63","64","63","63","","","61","F.C","","","","_AB97CD6AD_13"
"wend","F_467EBAA5.S.CODE.ASM","","","","","","","","","","","","","","","","","63","F.C","","","",""
"wend","F_467EBAA5.S.CODE.ASM","","","","","","","","","","","","","","","","","61","F.C","","","",""
"stmt","F_467EBAA5.S.CODE.ASM","69","69","69","69","73","","101","103","101","103","66","67","","","","","50","F.C","","","","_AB97CD6AD_14"
"call","F_467EBAA5.S.CODE.ASM","69","69","69","69","73","","103","108","105","108","","","","","dtxInitParameters","","66","F.C","","","","_AB97CD6AD_15"
"stmt","F_467EBAA5.S.CODE.ASM","73","73","73","73","75","","108","110","108","110","68","69","","","","","50","F.C","","","","_AB97CD6AD_16"
"call","F_467EBAA5.S.CODE.ASM","73","73","73","73","75","","110","115","112","115","","","","","dtxReadTune","","68","F.C","","","","_AB97CD6AD_17"
"stmt","F_467EBAA5.S.CODE.ASM","75","75","76","75","76","","115","123","115","123","70","70","","","","","50","F.C","","","","_AB97CD6AD_18"
"stmt","F_467EBAA5.S.CODE.ASM","76","76","78","76","78","","123","133","123","133","71","71","","","","","50","F.C","","","","_AB97CD6AD_19"
"while","F_467EBAA5.S.CODE.ASM","78","79","84","79","84","133","135","160","135","160","72","78","72","72","","","50","F.C","","","","_AB97CD6AD_20"
"asm","F_467EBAA5.S.CODE.ASM","80","80","80","80","80","","135","140","135","140","73","73","","","","","72","F.C","","","","_AB97CD6AD_21"
"stmt","F_467EBAA5.S.CODE.ASM","81","81","81","81","82","","140","142","140","142","74","75","","","","","72","F.C","","","","_AB97CD6AD_22"
"call","F_467EBAA5.S.CODE.ASM","81","81","81","81","82","","142","147","144","147","","","","","_PollingKey3B90E3B1","","74","F.C","","","","_AB97CD6AD_23"
"stmt","F_467EBAA5.S.CODE.ASM","82","82","82","82","83","","147","149","147","149","76","77","","","","","72","F.C","","","","_AB97CD6AD_24"
"call","F_467EBAA5.S.CODE.ASM","82","82","82","82","83","","149","154","151","154","","","","","_KeyShowLEDA84888EC","","76","F.C","","","","_AB97CD6AD_25"
"wend","F_467EBAA5.S.CODE.ASM","","","","","","","","","","","","","","","","","72","F.C","","","",""
"return","F_467EBAA5.S.CODE.ASM","84","84","","84","","160","166","","166","","79","79","","","","","50","F.C","","","","_AB97CD6AD_26"
"return","F_467EBAA5.S.CODE.ASM","84","84","","84","","166","166","","166","","80","80","","","","","50","F.C","","","","_AB97CD6AD_27"
"func","F_467EBAA5.S.CODE.ASM","90","91","99","","","171","173","229","","","81","91","16","","_KeyPlaySongC44FFB6D","KeyPlaySong","","F.C","","","","_AB97CD6AD_28"
"if","F_467EBAA5.S.CODE.ASM","91","92","96","","","176","192","208","","","84","85","83","83","86","89","81","F.C","","","","_AB97CD6AD_29"
"call","F_467EBAA5.S.CODE.ASM","91","91","91","91","91","","178","183","180","183","","","","","_dtxCheckSongEnd870A9712","","82","F.C","","","","_AB97CD6AD_30"
"stmt","F_467EBAA5.S.CODE.ASM","93","93","93","93","94","","192","194","192","194","84","85","","","","","82","F.C","","","","_AB97CD6AD_31"
"call","F_467EBAA5.S.CODE.ASM","93","93","93","93","94","","194","203","196","203","","","","","_dtxPlaySong5B7DBDA5","","84","F.C","","","","_AB97CD6AD_32"
"else","F_467EBAA5.S.CODE.ASM","","","","","","","","","","","","","","","","","82","F.C","","","",""
"stmt","F_467EBAA5.S.CODE.ASM","97","97","97","97","98","","208","210","208","210","87","88","","","","","82","F.C","","","","_AB97CD6AD_33"
"call","F_467EBAA5.S.CODE.ASM","97","97","97","97","98","","210","217","212","217","","","","","dtxStopSong","","87","F.C","","","","_AB97CD6AD_34"
"endif","F_467EBAA5.S.CODE.ASM","","","","","","","","","","","","","","","","","82","F.C","","","","_AB97CD6AD_35"
"return","F_467EBAA5.S.CODE.ASM","99","99","","99","","221","227","","227","","90","90","","","","","81","F.C","","","","_AB97CD6AD_36"
"return","F_467EBAA5.S.CODE.ASM","99","99","","99","","227","227","","227","","91","91","","","","","81","F.C","","","","_AB97CD6AD_37"
"func","F_467EBAA5.S.CODE.ASM","103","104","105","","","232","234","254","","","92","96","16","","_KeyPlayStop0C3B8DB1","KeyPlayStop","","F.C","","","","_AB97CD6AD_38"
"stmt","F_467EBAA5.S.CODE.ASM","104","104","104","104","105","","237","239","237","239","93","94","","","","","92","F.C","","","","_AB97CD6AD_39"
"call","F_467EBAA5.S.CODE.ASM","104","104","104","104","105","","239","246","241","246","","","","","dtxStopSong","","93","F.C","","","","_AB97CD6AD_40"
"return","F_467EBAA5.S.CODE.ASM","105","105","","105","","246","252","","252","","95","95","","","","","92","F.C","","","","_AB97CD6AD_41"
"return","F_467EBAA5.S.CODE.ASM","105","105","","105","","252","252","","252","","96","96","","","","","92","F.C","","","","_AB97CD6AD_42"
"func","F_467EBAA5.S.CODE.ASM","109","110","117","","","257","259","311","","","97","106","16","","_KeyPlayNextAFBA8CED","KeyPlayNext","","F.C","","","","_AB97CD6AD_43"
"stmt","F_467EBAA5.S.CODE.ASM","110","110","110","110","112","","262","264","262","264","98","99","","","","","97","F.C","","","","_AB97CD6AD_44"
"call","F_467EBAA5.S.CODE.ASM","110","110","110","110","112","","264","269","266","269","","","","","dtxStopSong","","98","F.C","","","","_AB97CD6AD_45"
"stmt","F_467EBAA5.S.CODE.ASM","112","112","114","112","114","","269","283","269","283","100","100","","","","","97","F.C","","","","_AB97CD6AD_46"
"stmt","F_467EBAA5.S.CODE.ASM","114","114","114","114","116","","283","285","283","285","101","102","","","","","97","F.C","","","","_AB97CD6AD_47"
"call","F_467EBAA5.S.CODE.ASM","114","114","114","114","116","","285","290","287","290","","","","","_CheckSongLimit402181B4","","101","F.C","","","","_AB97CD6AD_48"
"stmt","F_467EBAA5.S.CODE.ASM","116","116","116","116","117","","290","292","290","292","103","104","","","","","97","F.C","","","","_AB97CD6AD_49"
"call","F_467EBAA5.S.CODE.ASM","116","116","116","116","117","","292","303","294","303","","","","","_dtxPlaySong5B7DBDA5","","103","F.C","","","","_AB97CD6AD_50"
"return","F_467EBAA5.S.CODE.ASM","117","117","","117","","303","309","","309","","105","105","","","","","97","F.C","","","","_AB97CD6AD_51"
"return","F_467EBAA5.S.CODE.ASM","117","117","","117","","309","309","","309","","106","106","","","","","97","F.C","","","","_AB97CD6AD_52"
"func","F_467EBAA5.S.CODE.ASM","121","122","129","","","314","316","368","","","107","116","16","","_KeyPlayPrev8E98A35A","KeyPlayPrev","","F.C","","","","_AB97CD6AD_53"
"stmt","F_467EBAA5.S.CODE.ASM","122","122","122","122","124","","319","321","319","321","108","109","","","","","107","F.C","","","","_AB97CD6AD_54"
"call","F_467EBAA5.S.CODE.ASM","122","122","122","122","124","","321","326","323","326","","","","","dtxStopSong","","108","F.C","","","","_AB97CD6AD_55"
"stmt","F_467EBAA5.S.CODE.ASM","124","124","126","124","126","","326","340","326","340","110","110","","","","","107","F.C","","","","_AB97CD6AD_56"
"stmt","F_467EBAA5.S.CODE.ASM","126","126","126","126","128","","340","342","340","342","111","112","","","","","107","F.C","","","","_AB97CD6AD_57"
"call","F_467EBAA5.S.CODE.ASM","126","126","126","126","128","","342","347","344","347","","","","","_CheckSongLimit402181B4","","111","F.C","","","","_AB97CD6AD_58"
"stmt","F_467EBAA5.S.CODE.ASM","128","128","128","128","129","","347","349","347","349","113","114","","","","","107","F.C","","","","_AB97CD6AD_59"
"call","F_467EBAA5.S.CODE.ASM","128","128","128","128","129","","349","360","351","360","","","","","_dtxPlaySong5B7DBDA5","","113","F.C","","","","_AB97CD6AD_60"
"return","F_467EBAA5.S.CODE.ASM","129","129","","129","","360","366","","366","","115","115","","","","","107","F.C","","","","_AB97CD6AD_61"
"return","F_467EBAA5.S.CODE.ASM","129","129","","129","","366","366","","366","","116","116","","","","","107","F.C","","","","_AB97CD6AD_62"
"func","F_467EBAA5.S.CODE.ASM","133","134","136","","","371","373","432","","","117","121","16","","_KeyModEEAB4D5A","KeyMod","","F.C","","","","_AB97CD6AD_63"
"stmt","F_467EBAA5.S.CODE.ASM","134","134","135","134","135","","376","399","376","399","118","118","","","","","117","F.C","","","","_AB97CD6AD_64"
"stmt","F_467EBAA5.S.CODE.ASM","135","135","136","135","136","","399","424","399","424","119","119","","","","","117","F.C","","","","_AB97CD6AD_65"
"return","F_467EBAA5.S.CODE.ASM","136","136","","136","","424","430","","430","","120","120","","","","","117","F.C","","","","_AB97CD6AD_66"
"return","F_467EBAA5.S.CODE.ASM","136","136","","136","","430","430","","430","","121","121","","","","","117","F.C","","","","_AB97CD6AD_67"
"union","GLOBAL_6037E6D5.S.CODE.ASM","122","","","","","","","","","","","","262144","0","_lptr_ptr","_lptr_ptr","3","global.c","6","2","-1",""
"union","GLOBAL_6037E6D5.S.CODE.ASM","122","","","","","0","0","0","0","","","","67108881","1","_lptr_ptr","po","0","global.c","1","1","-1",""
"union","GLOBAL_6037E6D5.S.CODE.ASM","122","","","","","0","0","0","0","","","","17","1","_lptr_ptr","pa","0","global.c","1","1","-1",""
"struct","GLOBAL_6037E6D5.S.CODE.ASM","125","","","","","","","","","","","","131072","0","_lptr_member","_lptr_member","3","global.c","6","4","-1",""
"struct","GLOBAL_6037E6D5.S.CODE.ASM","125","","","","","0","0","0","0","","","","262226","1","_lptr_member","ptr","0","global.c","1","1","122",""
"struct","GLOBAL_6037E6D5.S.CODE.ASM","125","","","","","0","0","0","0","","","","3","1","_lptr_member","hadr","1","global.c","1","1","-1",""
"union","GLOBAL_6037E6D5.S.CODE.ASM","128","","","","","","","","","","","","262144","0","_lptr_i","_lptr_i","3","global.c","6","4","-1",""
"union","GLOBAL_6037E6D5.S.CODE.ASM","128","","","","","0","0","0","0","","","","131157","2","_lptr_i","P","0","global.c","1","1","125",""
"union","GLOBAL_6037E6D5.S.CODE.ASM","128","","","","","0","0","0","0","","","","5","2","_lptr_i","L","0","global.c","1","1","-1",""
"enum","GLOBAL_6037E6D5.S.CODE.ASM","131","","","","","","","","","","","","","1","NoNameStruct0","NoNameStruct0","","global.c","","3","-1",""
"enum","GLOBAL_6037E6D5.S.CODE.ASM","131","","","","","","","","","","","","","1","NoNameStruct0","false","","global.c","","0","-1",""
"enum","GLOBAL_6037E6D5.S.CODE.ASM","131","","","","","","","","","","","","","1","NoNameStruct0","true","","global.c","","1","-1",""
"enum","GLOBAL_6037E6D5.S.CODE.ASM","134","","","","","","","","","","","","","1","bool","bool","","global.c","","3","-1",""
"enum","GLOBAL_6037E6D5.S.CODE.ASM","134","","","","","","","","","","","","","1","bool","false","","global.c","","0","-1",""
"enum","GLOBAL_6037E6D5.S.CODE.ASM","134","","","","","","","","","","","","","1","bool","true","","global.c","","1","-1",""
"typedef","GLOBAL_6037E6D5.S.CODE.ASM","","","","","","","","11","","","","","917599","1","bool","bool","","global.c","7","1","131",""
"struct","GLOBAL_6037E6D5.S.CODE.ASM","138","","","","","","","","","","","","131072","0","_dtxtone","_dtxtone","7","global.c","6","16","-1",""
"struct","GLOBAL_6037E6D5.S.CODE.ASM","138","","","","","0","0","0","0","","","","5","2","_dtxtone","ENVADR","0","global.c","1","1","-1",""
"struct","GLOBAL_6037E6D5.S.CODE.ASM","138","","","","","0","0","0","0","","","","5","2","_dtxtone","ENVSTA","2","global.c","1","1","-1",""
"struct","GLOBAL_6037E6D5.S.CODE.ASM","138","","","","","0","0","0","0","","","","3","1","_dtxtone","TONE","4","global.c","1","1","-1",""
"struct","GLOBAL_6037E6D5.S.CODE.ASM","138","","","","","0","0","0","0","","","","3","1","_dtxtone","TONECNT","5","global.c","1","1","-1",""
"struct","GLOBAL_6037E6D5.S.CODE.ASM","138","","","","","0","0","0","0","","","","3","1","_dtxtone","FLTG","6","global.c","1","1","-1",""
"struct","GLOBAL_6037E6D5.S.CODE.ASM","138","","","","","0","0","0","0","","","","3","1","_dtxtone","MOD","7","global.c","1","1","-1",""
"struct","GLOBAL_6037E6D5.S.CODE.ASM","145","","","","","","","","","","","","131072","0","DTXTONE","_dtxtone","7","global.c","6","16","-1",""
"struct","GLOBAL_6037E6D5.S.CODE.ASM","145","","","","","0","0","0","0","","","","5","2","DTXTONE","ENVADR","0","global.c","1","1","-1",""
"struct","GLOBAL_6037E6D5.S.CODE.ASM","145","","","","","0","0","0","0","","","","5","2","DTXTONE","ENVSTA","2","global.c","1","1","-1",""
"struct","GLOBAL_6037E6D5.S.CODE.ASM","145","","","","","0","0","0","0","","","","3","1","DTXTONE","TONE","4","global.c","1","1","-1",""
"struct","GLOBAL_6037E6D5.S.CODE.ASM","145","","","","","0","0","0","0","","","","3","1","DTXTONE","TONECNT","5","global.c","1","1","-1",""
"struct","GLOBAL_6037E6D5.S.CODE.ASM","145","","","","","0","0","0","0","","","","3","1","DTXTONE","FLTG","6","global.c","1","1","-1",""
"struct","GLOBAL_6037E6D5.S.CODE.ASM","145","","","","","0","0","0","0","","","","3","1","DTXTONE","MOD","7","global.c","1","1","-1",""
"typedef","GLOBAL_6037E6D5.S.CODE.ASM","","","","","","","","11","","","","","131171","8","DTXTONE","DTXTONE","","global.c","6","1","138",""
"global","GLOBAL_6037E6D5.S.CODE.ASM","","","","","","","","2","","","","","268435459","1","dtxfltg","dtxfltg","","global.c","1","1","-1",""
"global","GLOBAL_6037E6D5.S.CODE.ASM","","","","","","","","2","","","","","268435459","1","dtxsongcnt","dtxsongcnt","","global.c","1","1","-1",""
"global","GLOBAL_6037E6D5.S.CODE.ASM","","[0]","","","","","","2","","","","","268566627","8","dtxtonech","dtxtonech","","global.c","2","0","152",""
"global","GLOBAL_6037E6D5.S.CODE.ASM","","[0]","","","","","","2","","","","","268435461","2","dtxRender","dtxRender","","global.c","2","0","-1",""
"global","GLOBAL_6037E6D5.S.CODE.ASM","","","","","","","","2","","","","","3","1","_flags026116D5","flags","","global.c","1","1","-1",""
"global","GLOBAL_6037E6D5.S.CODE.ASM","","","","","","","","2","","","","","3","1","_songidx8C42F7DA","songidx","","global.c","1","1","-1",""
"func","GLOBAL_6037E6D5.S.CODE.ASM","17","20","45","","","27","29","124","","","159","178","16","","L0E8FA404_19","InitSound","","global.c","","","","_AB97CD6AD_68"
"stmt","GLOBAL_6037E6D5.S.CODE.ASM","20","20","21","20","21","","32","37","32","37","160","160","","","","","159","global.c","","","","_AB97CD6AD_69"
"stmt","GLOBAL_6037E6D5.S.CODE.ASM","21","21","22","21","22","","37","42","37","42","161","161","","","","","159","global.c","","","","_AB97CD6AD_70"
"stmt","GLOBAL_6037E6D5.S.CODE.ASM","22","22","23","22","23","","42","47","42","47","162","162","","","","","159","global.c","","","","_AB97CD6AD_71"
"stmt","GLOBAL_6037E6D5.S.CODE.ASM","23","23","27","23","27","","47","52","47","52","163","163","","","","","159","global.c","","","","_AB97CD6AD_72"
"stmt","GLOBAL_6037E6D5.S.CODE.ASM","27","27","28","27","28","","52","57","52","57","164","164","","","","","159","global.c","","","","_AB97CD6AD_73"
"stmt","GLOBAL_6037E6D5.S.CODE.ASM","28","28","29","28","29","","57","62","57","62","165","165","","","","","159","global.c","","","","_AB97CD6AD_74"
"stmt","GLOBAL_6037E6D5.S.CODE.ASM","29","29","30","29","30","","62","67","62","67","166","166","","","","","159","global.c","","","","_AB97CD6AD_75"
"stmt","GLOBAL_6037E6D5.S.CODE.ASM","30","30","31","30","31","","67","72","67","72","167","167","","","","","159","global.c","","","","_AB97CD6AD_76"
"stmt","GLOBAL_6037E6D5.S.CODE.ASM","31","31","32","31","32","","72","77","72","77","168","168","","","","","159","global.c","","","","_AB97CD6AD_77"
"stmt","GLOBAL_6037E6D5.S.CODE.ASM","32","32","33","32","33","","77","82","77","82","169","169","","","","","159","global.c","","","","_AB97CD6AD_78"
"stmt","GLOBAL_6037E6D5.S.CODE.ASM","33","33","34","33","34","","82","87","82","87","170","170","","","","","159","global.c","","","","_AB97CD6AD_79"
"stmt","GLOBAL_6037E6D5.S.CODE.ASM","34","34","36","34","36","","87","92","87","92","171","171","","","","","159","global.c","","","","_AB97CD6AD_80"
"stmt","GLOBAL_6037E6D5.S.CODE.ASM","36","36","40","36","40","","92","97","92","97","172","172","","","","","159","global.c","","","","_AB97CD6AD_81"
"stmt","GLOBAL_6037E6D5.S.CODE.ASM","40","40","42","40","42","","97","102","97","102","173","173","","","","","159","global.c","","","","_AB97CD6AD_82"
"asm","GLOBAL_6037E6D5.S.CODE.ASM","42","42","42","42","42","","102","106","102","106","174","174","","","","","159","global.c","","","","_AB97CD6AD_83"
"asm","GLOBAL_6037E6D5.S.CODE.ASM","43","43","43","43","43","","106","110","106","110","175","175","","","","","159","global.c","","","","_AB97CD6AD_84"
"asm","GLOBAL_6037E6D5.S.CODE.ASM","44","44","44","44","44","","110","116","110","116","176","176","","","","","159","global.c","","","","_AB97CD6AD_85"
"return","GLOBAL_6037E6D5.S.CODE.ASM","45","45","","45","","116","122","","122","","177","177","","","","","159","global.c","","","","_AB97CD6AD_86"
"return","GLOBAL_6037E6D5.S.CODE.ASM","45","45","","45","","122","122","","122","","178","178","","","","","159","global.c","","","","_AB97CD6AD_87"
"func","GLOBAL_6037E6D5.S.CODE.ASM","49","52","56","","","127","129","162","","","179","185","16","","L0E8FA404_22","SetupIO","","global.c","","","","_AB97CD6AD_88"
"stmt","GLOBAL_6037E6D5.S.CODE.ASM","52","52","53","52","53","","132","137","132","137","180","180","","","","","179","global.c","","","","_AB97CD6AD_89"
"stmt","GLOBAL_6037E6D5.S.CODE.ASM","53","53","54","53","54","","137","142","137","142","181","181","","","","","179","global.c","","","","_AB97CD6AD_90"
"stmt","GLOBAL_6037E6D5.S.CODE.ASM","54","54","55","54","55","","142","147","142","147","182","182","","","","","179","global.c","","","","_AB97CD6AD_91"
"stmt","GLOBAL_6037E6D5.S.CODE.ASM","55","55","56","55","56","","147","154","147","154","183","183","","","","","179","global.c","","","","_AB97CD6AD_92"
"return","GLOBAL_6037E6D5.S.CODE.ASM","56","56","","56","","154","160","","160","","184","184","","","","","179","global.c","","","","_AB97CD6AD_93"
"return","GLOBAL_6037E6D5.S.CODE.ASM","56","56","","56","","160","160","","160","","185","185","","","","","179","global.c","","","","_AB97CD6AD_94"
"func","GLOBAL_6037E6D5.S.CODE.ASM","60","61","67","","","165","167","208","","","186","194","16","","_InitialDA4A7CC4","Initial","","global.c","","","","_AB97CD6AD_95"
"stmt","GLOBAL_6037E6D5.S.CODE.ASM","61","61","63","61","63","","170","178","170","178","187","187","","","","","186","global.c","","","","_AB97CD6AD_96"
"stmt","GLOBAL_6037E6D5.S.CODE.ASM","63","63","63","63","64","","178","180","178","180","188","189","","","","","186","global.c","","","","_AB97CD6AD_97"
"call","GLOBAL_6037E6D5.S.CODE.ASM","63","63","63","63","64","","180","184","182","184","","","","","L0E8FA404_19","","188","global.c","","","","_AB97CD6AD_98"
"stmt","GLOBAL_6037E6D5.S.CODE.ASM","64","64","64","64","66","","184","186","184","186","190","191","","","","","186","global.c","","","","_AB97CD6AD_99"
"call","GLOBAL_6037E6D5.S.CODE.ASM","64","64","64","64","66","","186","190","188","190","","","","","L0E8FA404_22","","190","global.c","","","","_AB97CD6AD_100"
"stmt","GLOBAL_6037E6D5.S.CODE.ASM","66","66","67","66","67","","190","200","190","200","192","192","","","","","186","global.c","","","","_AB97CD6AD_101"
"return","GLOBAL_6037E6D5.S.CODE.ASM","67","67","","67","","200","206","","206","","193","193","","","","","186","global.c","","","","_AB97CD6AD_102"
"return","GLOBAL_6037E6D5.S.CODE.ASM","67","67","","67","","206","206","","206","","194","194","","","","","186","global.c","","","","_AB97CD6AD_103"
"func","GLOBAL_6037E6D5.S.CODE.ASM","71","72","83","","","211","213","300","","","195","205","16","","_CheckSongLimit402181B4","CheckSongLimit","","global.c","","","","_AB97CD6AD_104"
"if","GLOBAL_6037E6D5.S.CODE.ASM","72","73","77","","","216","234","254","","","197","197","196","196","198","203","195","global.c","","","","_AB97CD6AD_105"
"stmt","GLOBAL_6037E6D5.S.CODE.ASM","74","74","75","74","75","","234","249","234","249","197","197","","","","","196","global.c","","","","_AB97CD6AD_106"
"else","GLOBAL_6037E6D5.S.CODE.ASM","","","","","","","","","","","","","","","","","196","global.c","","","",""
"if","GLOBAL_6037E6D5.S.CODE.ASM","78","79","82","","","254","274","284","","","200","200","199","199","201","202","196","global.c","","","","_AB97CD6AD_107"
"stmt","GLOBAL_6037E6D5.S.CODE.ASM","80","80","81","80","81","","274","284","274","284","200","200","","","","","199","global.c","","","","_AB97CD6AD_108"
"else","GLOBAL_6037E6D5.S.CODE.ASM","","","","","","","","","","","","","","","","","199","global.c","","","",""
"endif","GLOBAL_6037E6D5.S.CODE.ASM","","","","","","","","","","","","","","","","","199","global.c","","","","_AB97CD6AD_109"
"endif","GLOBAL_6037E6D5.S.CODE.ASM","","","","","","","","","","","","","","","","","196","global.c","","","","_AB97CD6AD_110"
"return","GLOBAL_6037E6D5.S.CODE.ASM","83","83","","83","","292","298","","298","","204","204","","","","","195","global.c","","","","_AB97CD6AD_111"
"return","GLOBAL_6037E6D5.S.CODE.ASM","83","83","","83","","298","298","","298","","205","205","","","","","195","global.c","","","","_AB97CD6AD_112"
"typedef","KEYPAD_0E0216C1.S.CODE.ASM","","","","","","","","11","","","","","8","1","va_list","va_list","","keypad.c","1","1","-1",""
"typedef","KEYPAD_0E0216C1.S.CODE.ASM","","","","","","","","11","","","","","4","1","size_t","size_t","","keypad.c","1","1","-1",""
"typedef","KEYPAD_0E0216C1.S.CODE.ASM","","","","","","","","11","","","","","3","1","wchar_t","wchar_t","","keypad.c","1","1","-1",""
"typedef","KEYPAD_0E0216C1.S.CODE.ASM","","","","","","","","11","","","","","3","1","ptrdiff_t","ptrdiff_t","","keypad.c","1","1","-1",""
"union","KEYPAD_0E0216C1.S.CODE.ASM","210","","","","","","","","","","","","262144","0","_lptr_ptr","_lptr_ptr","3","keypad.c","6","2","-1",""
"union","KEYPAD_0E0216C1.S.CODE.ASM","210","","","","","0","0","0","0","","","","67108881","1","_lptr_ptr","po","0","keypad.c","1","1","-1",""
"union","KEYPAD_0E0216C1.S.CODE.ASM","210","","","","","0","0","0","0","","","","17","1","_lptr_ptr","pa","0","keypad.c","1","1","-1",""
"struct","KEYPAD_0E0216C1.S.CODE.ASM","213","","","","","","","","","","","","131072","0","_lptr_member","_lptr_member","3","keypad.c","6","4","-1",""
"struct","KEYPAD_0E0216C1.S.CODE.ASM","213","","","","","0","0","0","0","","","","262230","1","_lptr_member","ptr","0","keypad.c","1","1","210",""
"struct","KEYPAD_0E0216C1.S.CODE.ASM","213","","","","","0","0","0","0","","","","3","1","_lptr_member","hadr","1","keypad.c","1","1","-1",""
"union","KEYPAD_0E0216C1.S.CODE.ASM","216","","","","","","","","","","","","262144","0","_lptr_i","_lptr_i","3","keypad.c","6","4","-1",""
"union","KEYPAD_0E0216C1.S.CODE.ASM","216","","","","","0","0","0","0","","","","131161","2","_lptr_i","P","0","keypad.c","1","1","213",""
"union","KEYPAD_0E0216C1.S.CODE.ASM","216","","","","","0","0","0","0","","","","5","2","_lptr_i","L","0","keypad.c","1","1","-1",""
"global","KEYPAD_0E0216C1.S.CODE.ASM","","","","","","","","2","","","","","3","1","_flags026116D5","flags","","keypad.c","1","1","-1",""
"global","KEYPAD_0E0216C1.S.CODE.ASM","","","","","","","","2","","","","","3","1","_songidx8C42F7DA","songidx","","keypad.c","1","1","-1",""
"typedef","KEYPAD_0E0216C1.S.CODE.ASM","","","","","","","","11","","","","","19","1","keycallback","keycallback","","keypad.c","1","1","-1",""
"struct","KEYPAD_0E0216C1.S.CODE.ASM","222","","","","","","","","","","","","131072","0","_KEYTABLE","_KEYTABLE","4","keypad.c","6","6","-1",""
"struct","KEYPAD_0E0216C1.S.CODE.ASM","222","","","","","0","0","0","0","","","","19","1","_KEYTABLE","push","0","keypad.c","1","1","221",""
"struct","KEYPAD_0E0216C1.S.CODE.ASM","222","","","","","0","0","0","0","","","","19","1","_KEYTABLE","hold","1","keypad.c","1","1","221",""
"struct","KEYPAD_0E0216C1.S.CODE.ASM","222","","","","","0","0","0","0","","","","19","1","_KEYTABLE","release","2","keypad.c","1","1","221",""
"struct","KEYPAD_0E0216C1.S.CODE.ASM","226","","","","","","","","","","","","131072","0","KEYTABLE","_KEYTABLE","4","keypad.c","6","6","-1",""
"struct","KEYPAD_0E0216C1.S.CODE.ASM","226","","","","","0","0","0","0","","","","19","1","KEYTABLE","push","0","keypad.c","1","1","221",""
"struct","KEYPAD_0E0216C1.S.CODE.ASM","226","","","","","0","0","0","0","","","","19","1","KEYTABLE","hold","1","keypad.c","1","1","221",""
"struct","KEYPAD_0E0216C1.S.CODE.ASM","226","","","","","0","0","0","0","","","","19","1","KEYTABLE","release","2","keypad.c","1","1","221",""
"typedef","KEYPAD_0E0216C1.S.CODE.ASM","","","","","","","","11","","","","","131270","3","KEYTABLE","KEYTABLE","","keypad.c","6","1","222",""
"global","KEYPAD_0E0216C1.S.CODE.ASM","","[5]","","","","","","2","","","","","50462918","3","_keyfuncF06F3D55","keyfunc","","keypad.c","2","5","230",""
"global","KEYPAD_0E0216C1.S.CODE.ASM","","","","","","","","3","","","","","3","1","L5589D4CE_33","keynowd","","keypad.c","1","1","-1",""
"global","KEYPAD_0E0216C1.S.CODE.ASM","","","","","","","","3","","","","","3","1","L5589D4CE_34","keyprev","","keypad.c","1","1","-1",""
"global","KEYPAD_0E0216C1.S.CODE.ASM","","","","","","","","3","","","","","3","1","L5589D4CE_35","keycount","","keypad.c","1","1","-1",""
"func","KEYPAD_0E0216C1.S.CODE.ASM","34","69","110","","","27","29","97","","","235","246","16","","_InitKey3C587B6D","InitKey","","keypad.c","","","","_AB97CD6AD_113"
"stmt","KEYPAD_0E0216C1.S.CODE.ASM","69","69","70","69","70","","32","36","32","36","236","236","","","","","235","keypad.c","","","","_AB97CD6AD_114"
"stmt","KEYPAD_0E0216C1.S.CODE.ASM","70","70","71","70","71","","36","40","36","40","237","237","","","","","235","keypad.c","","","","_AB97CD6AD_115"
"stmt","KEYPAD_0E0216C1.S.CODE.ASM","71","71","72","71","72","","40","44","40","44","238","238","","","","","235","keypad.c","","","","_AB97CD6AD_116"
"stmt","KEYPAD_0E0216C1.S.CODE.ASM","72","72","76","72","76","","44","48","44","48","239","239","","","","","235","keypad.c","","","","_AB97CD6AD_117"
"stmt","KEYPAD_0E0216C1.S.CODE.ASM","76","76","77","76","77","","48","53","48","53","240","240","","","","","235","keypad.c","","","","_AB97CD6AD_118"
"stmt","KEYPAD_0E0216C1.S.CODE.ASM","77","77","107","77","107","","53","63","53","63","241","241","","","","","235","keypad.c","","","","_AB97CD6AD_119"
"stmt","KEYPAD_0E0216C1.S.CODE.ASM","107","107","108","107","108","","63","71","63","71","242","242","","","","","235","keypad.c","","","","_AB97CD6AD_120"
"stmt","KEYPAD_0E0216C1.S.CODE.ASM","108","108","109","108","109","","71","79","71","79","243","243","","","","","235","keypad.c","","","","_AB97CD6AD_121"
"stmt","KEYPAD_0E0216C1.S.CODE.ASM","109","109","110","109","110","","79","89","79","89","244","244","","","","","235","keypad.c","","","","_AB97CD6AD_122"
"return","KEYPAD_0E0216C1.S.CODE.ASM","110","110","","110","","89","95","","95","","245","245","","","","","235","keypad.c","","","","_AB97CD6AD_123"
"return","KEYPAD_0E0216C1.S.CODE.ASM","110","110","","110","","95","95","","95","","246","246","","","","","235","keypad.c","","","","_AB97CD6AD_124"
"func","KEYPAD_0E0216C1.S.CODE.ASM","114","124","140","","","100","110","145","","","247","252","3","","L5589D4CE_37","GetKey","","keypad.c","","","","_AB97CD6AD_125"
"local","KEYPAD_0E0216C1.S.CODE.ASM","","","","","","","","5","","","","","536870915","1","","btn","0","keypad.c","1","1","-1",""
"stmt","KEYPAD_0E0216C1.S.CODE.ASM","124","124","139","124","139","","112","123","112","123","249","249","","","","","247","keypad.c","","","","_AB97CD6AD_126"
"return","KEYPAD_0E0216C1.S.CODE.ASM","139","140","","140","","123","133","","133","","250","250","","","","","247","keypad.c","","","","_AB97CD6AD_127"
"return","KEYPAD_0E0216C1.S.CODE.ASM","140","140","","140","","133","143","","143","","251","251","","","","","247","keypad.c","","","","_AB97CD6AD_128"
"return","KEYPAD_0E0216C1.S.CODE.ASM","140","140","","140","","143","143","","143","","252","252","","","","","247","keypad.c","","","","_AB97CD6AD_129"
"func","KEYPAD_0E0216C1.S.CODE.ASM","144","149","206","","","148","162","673","","","253","308","16","","_PollingKey3B90E3B1","PollingKey","","keypad.c","","","","_AB97CD6AD_130"
"local","KEYPAD_0E0216C1.S.CODE.ASM","","","","","","","","5","","","","","536870915","1","","keynow","0","keypad.c","1","1","-1",""
"local","KEYPAD_0E0216C1.S.CODE.ASM","","","","","","","","5","","","","","536870915","1","","i","-1","keypad.c","1","1","-1",""
"local","KEYPAD_0E0216C1.S.CODE.ASM","","","","","","","","5","","","","","536870915","1","","bits","-2","keypad.c","1","1","-1",""
"local","KEYPAD_0E0216C1.S.CODE.ASM","","","","","","","","5","","","","","536870915","1","","bitp","-3","keypad.c","1","1","-1",""
"local","KEYPAD_0E0216C1.S.CODE.ASM","","","","","","","","5","","","","","604373190","1","","pkey","-4","keypad.c","1","1","230",""
"stmt","KEYPAD_0E0216C1.S.CODE.ASM","149","149","149","149","151","","164","166","164","166","259","260","","","","","253","keypad.c","","","","_AB97CD6AD_131"
"call","KEYPAD_0E0216C1.S.CODE.ASM","149","149","149","149","151","","166","174","168","174","","","","","L5589D4CE_37","","259","keypad.c","","","","_AB97CD6AD_132"
"if","KEYPAD_0E0216C1.S.CODE.ASM","151","152","158","","","174","194","218","","","262","264","261","261","265","266","253","keypad.c","","","","_AB97CD6AD_133"
"stmt","KEYPAD_0E0216C1.S.CODE.ASM","153","153","154","153","154","","194","204","194","204","262","262","","","","","261","keypad.c","","","","_AB97CD6AD_134"
"stmt","KEYPAD_0E0216C1.S.CODE.ASM","154","154","155","154","155","","204","212","204","212","263","263","","","","","261","keypad.c","","","","_AB97CD6AD_135"
"return","KEYPAD_0E0216C1.S.CODE.ASM","155","156","","156","","212","218","","218","","264","264","","","","","261","keypad.c","","","","_AB97CD6AD_136"
"else","KEYPAD_0E0216C1.S.CODE.ASM","","","","","","","","","","","","","","","","","261","keypad.c","","","",""
"endif","KEYPAD_0E0216C1.S.CODE.ASM","","","","","","","","","","","","","","","","","261","keypad.c","","","","_AB97CD6AD_137"
"if","KEYPAD_0E0216C1.S.CODE.ASM","158","159","164","","","220","235","256","","","268","269","267","267","270","271","253","keypad.c","","","","_AB97CD6AD_138"
"stmt","KEYPAD_0E0216C1.S.CODE.ASM","160","160","161","160","161","","235","250","235","250","268","268","","","","","267","keypad.c","","","","_AB97CD6AD_139"
"return","KEYPAD_0E0216C1.S.CODE.ASM","161","162","","162","","250","256","","256","","269","269","","","","","267","keypad.c","","","","_AB97CD6AD_140"
"else","KEYPAD_0E0216C1.S.CODE.ASM","","","","","","","","","","","","","","","","","267","keypad.c","","","",""
"endif","KEYPAD_0E0216C1.S.CODE.ASM","","","","","","","","","","","","","","","","","267","keypad.c","","","","_AB97CD6AD_141"
"stmt","KEYPAD_0E0216C1.S.CODE.ASM","164","164","165","164","165","","258","268","258","268","272","272","","","","","253","keypad.c","","","","_AB97CD6AD_142"
"stmt","KEYPAD_0E0216C1.S.CODE.ASM","165","165","167","165","167","","268","276","268","276","273","273","","","","","253","keypad.c","","","","_AB97CD6AD_143"
"stmt","KEYPAD_0E0216C1.S.CODE.ASM","167","167","168","167","168","","276","294","276","294","274","274","","","","","253","keypad.c","","","","_AB97CD6AD_144"
"stmt","KEYPAD_0E0216C1.S.CODE.ASM","168","168","169","168","169","","294","306","294","306","275","275","","","","","253","keypad.c","","","","_AB97CD6AD_145"
"stmt","KEYPAD_0E0216C1.S.CODE.ASM","169","169","171","169","171","","306","316","306","316","276","276","","","","","253","keypad.c","","","","_AB97CD6AD_146"
"stmt","KEYPAD_0E0216C1.S.CODE.ASM","171","171","173","171","173","","316","326","316","326","277","277","","","","","253","keypad.c","","","","_AB97CD6AD_147"
"while","KEYPAD_0E0216C1.S.CODE.ASM","173","174","206","174","206","326","353","661","353","661","278","306","278","278","","","253","keypad.c","","","","_AB97CD6AD_148"
"if","KEYPAD_0E0216C1.S.CODE.ASM","175","176","193","","","353","380","517","","","280","292","279","279","293","302","278","keypad.c","","","","_AB97CD6AD_149"
"if","KEYPAD_0E0216C1.S.CODE.ASM","179","180","186","","","380","407","465","","","281","285","280","280","286","292","279","keypad.c","","","","_AB97CD6AD_150"
"if","KEYPAD_0E0216C1.S.CODE.ASM","182","183","184","","","407","433","458","","","282","283","281","281","284","285","280","keypad.c","","","","_AB97CD6AD_151"
"stmt","KEYPAD_0E0216C1.S.CODE.ASM","183","183","184","183","184","","433","435","433","435","282","283","","","","","281","keypad.c","","","","_AB97CD6AD_152"
"calr","KEYPAD_0E0216C1.S.CODE.ASM","183","183","183","183","183","","435","458","439","458","","","G","0","_release","","282","keypad.c","","","",""
"else","KEYPAD_0E0216C1.S.CODE.ASM","","","","","","","","","","","","","","","","","281","keypad.c","","","",""
"endif","KEYPAD_0E0216C1.S.CODE.ASM","","","","","","","","","","","","","","","","","281","keypad.c","","","","_AB97CD6AD_153"
"else","KEYPAD_0E0216C1.S.CODE.ASM","","","","","","","","","","","","","","","","","280","keypad.c","","","",""
"if","KEYPAD_0E0216C1.S.CODE.ASM","188","189","190","","","465","486","506","","","288","289","287","287","290","291","280","keypad.c","","","","_AB97CD6AD_154"
"stmt","KEYPAD_0E0216C1.S.CODE.ASM","189","189","190","189","190","","486","488","486","488","288","289","","","","","287","keypad.c","","","","_AB97CD6AD_155"
"calr","KEYPAD_0E0216C1.S.CODE.ASM","189","189","189","189","189","","488","506","492","506","","","G","0","_push","","288","keypad.c","","","",""
"else","KEYPAD_0E0216C1.S.CODE.ASM","","","","","","","","","","","","","","","","","287","keypad.c","","","",""
"endif","KEYPAD_0E0216C1.S.CODE.ASM","","","","","","","","","","","","","","","","","287","keypad.c","","","","_AB97CD6AD_156"
"endif","KEYPAD_0E0216C1.S.CODE.ASM","","","","","","","","","","","","","","","","","280","keypad.c","","","","_AB97CD6AD_157"
"else","KEYPAD_0E0216C1.S.CODE.ASM","","","","","","","","","","","","","","","","","279","keypad.c","","","",""
"if","KEYPAD_0E0216C1.S.CODE.ASM","194","195","200","","","517","544","599","","","295","299","294","294","300","301","279","keypad.c","","","","_AB97CD6AD_158"
"if","KEYPAD_0E0216C1.S.CODE.ASM","197","198","199","","","544","570","595","","","296","297","295","295","298","299","294","keypad.c","","","","_AB97CD6AD_159"
"stmt","KEYPAD_0E0216C1.S.CODE.ASM","198","198","199","198","199","","570","572","570","572","296","297","","","","","295","keypad.c","","","","_AB97CD6AD_160"
"calr","KEYPAD_0E0216C1.S.CODE.ASM","198","198","198","198","198","","572","595","576","595","","","G","0","_hold","","296","keypad.c","","","",""
"else","KEYPAD_0E0216C1.S.CODE.ASM","","","","","","","","","","","","","","","","","295","keypad.c","","","",""
"endif","KEYPAD_0E0216C1.S.CODE.ASM","","","","","","","","","","","","","","","","","295","keypad.c","","","","_AB97CD6AD_161"
"else","KEYPAD_0E0216C1.S.CODE.ASM","","","","","","","","","","","","","","","","","294","keypad.c","","","",""
"endif","KEYPAD_0E0216C1.S.CODE.ASM","","","","","","","","","","","","","","","","","294","keypad.c","","","","_AB97CD6AD_162"
"endif","KEYPAD_0E0216C1.S.CODE.ASM","","","","","","","","","","","","","","","","","279","keypad.c","","","","_AB97CD6AD_163"
"stmt","KEYPAD_0E0216C1.S.CODE.ASM","202","202","203","202","203","","605","621","605","621","303","303","","","","","278","keypad.c","","","","_AB97CD6AD_164"
"stmt","KEYPAD_0E0216C1.S.CODE.ASM","203","203","204","203","204","","621","637","621","637","304","304","","","","","278","keypad.c","","","","_AB97CD6AD_165"
"stmt","KEYPAD_0E0216C1.S.CODE.ASM","204","204","205","204","205","","637","655","637","655","305","305","","","","","278","keypad.c","","","","_AB97CD6AD_166"
"wend","KEYPAD_0E0216C1.S.CODE.ASM","","","","","","","","","","","","","","","","","278","keypad.c","","","",""
"return","KEYPAD_0E0216C1.S.CODE.ASM","206","206","","206","","661","671","","671","","307","307","","","","","253","keypad.c","","","","_AB97CD6AD_167"
"return","KEYPAD_0E0216C1.S.CODE.ASM","206","206","","206","","671","671","","671","","308","308","","","","","253","keypad.c","","","","_AB97CD6AD_168"
"union","LED_376AFC9D.S.CODE.ASM","309","","","","","","","","","","","","262144","0","_lptr_ptr","_lptr_ptr","3","led.c","6","2","-1",""
"union","LED_376AFC9D.S.CODE.ASM","309","","","","","0","0","0","0","","","","67108881","1","_lptr_ptr","po","0","led.c","1","1","-1",""
"union","LED_376AFC9D.S.CODE.ASM","309","","","","","0","0","0","0","","","","17","1","_lptr_ptr","pa","0","led.c","1","1","-1",""
"struct","LED_376AFC9D.S.CODE.ASM","312","","","","","","","","","","","","131072","0","_lptr_member","_lptr_member","3","led.c","6","4","-1",""
"struct","LED_376AFC9D.S.CODE.ASM","312","","","","","0","0","0","0","","","","262226","1","_lptr_member","ptr","0","led.c","1","1","309",""
"struct","LED_376AFC9D.S.CODE.ASM","312","","","","","0","0","0","0","","","","3","1","_lptr_member","hadr","1","led.c","1","1","-1",""
"union","LED_376AFC9D.S.CODE.ASM","315","","","","","","","","","","","","262144","0","_lptr_i","_lptr_i","3","led.c","6","4","-1",""
"union","LED_376AFC9D.S.CODE.ASM","315","","","","","0","0","0","0","","","","131157","2","_lptr_i","P","0","led.c","1","1","312",""
"union","LED_376AFC9D.S.CODE.ASM","315","","","","","0","0","0","0","","","","5","2","_lptr_i","L","0","led.c","1","1","-1",""
"enum","LED_376AFC9D.S.CODE.ASM","318","","","","","","","","","","","","","1","NoNameStruct0","NoNameStruct0","","led.c","","3","-1",""
"enum","LED_376AFC9D.S.CODE.ASM","318","","","","","","","","","","","","","1","NoNameStruct0","false","","led.c","","0","-1",""
"enum","LED_376AFC9D.S.CODE.ASM","318","","","","","","","","","","","","","1","NoNameStruct0","true","","led.c","","1","-1",""
"enum","LED_376AFC9D.S.CODE.ASM","321","","","","","","","","","","","","","1","bool","bool","","led.c","","3","-1",""
"enum","LED_376AFC9D.S.CODE.ASM","321","","","","","","","","","","","","","1","bool","false","","led.c","","0","-1",""
"enum","LED_376AFC9D.S.CODE.ASM","321","","","","","","","","","","","","","1","bool","true","","led.c","","1","-1",""
"typedef","LED_376AFC9D.S.CODE.ASM","","","","","","","","11","","","","","917599","1","bool","bool","","led.c","7","1","318",""
"struct","LED_376AFC9D.S.CODE.ASM","325","","","","","","","","","","","","131072","0","_dtxtone","_dtxtone","7","led.c","6","16","-1",""
"struct","LED_376AFC9D.S.CODE.ASM","325","","","","","0","0","0","0","","","","5","2","_dtxtone","ENVADR","0","led.c","1","1","-1",""
"struct","LED_376AFC9D.S.CODE.ASM","325","","","","","0","0","0","0","","","","5","2","_dtxtone","ENVSTA","2","led.c","1","1","-1",""
"struct","LED_376AFC9D.S.CODE.ASM","325","","","","","0","0","0","0","","","","3","1","_dtxtone","TONE","4","led.c","1","1","-1",""
"struct","LED_376AFC9D.S.CODE.ASM","325","","","","","0","0","0","0","","","","3","1","_dtxtone","TONECNT","5","led.c","1","1","-1",""
"struct","LED_376AFC9D.S.CODE.ASM","325","","","","","0","0","0","0","","","","3","1","_dtxtone","FLTG","6","led.c","1","1","-1",""
"struct","LED_376AFC9D.S.CODE.ASM","325","","","","","0","0","0","0","","","","3","1","_dtxtone","MOD","7","led.c","1","1","-1",""
"struct","LED_376AFC9D.S.CODE.ASM","332","","","","","","","","","","","","131072","0","DTXTONE","_dtxtone","7","led.c","6","16","-1",""
"struct","LED_376AFC9D.S.CODE.ASM","332","","","","","0","0","0","0","","","","5","2","DTXTONE","ENVADR","0","led.c","1","1","-1",""
"struct","LED_376AFC9D.S.CODE.ASM","332","","","","","0","0","0","0","","","","5","2","DTXTONE","ENVSTA","2","led.c","1","1","-1",""
"struct","LED_376AFC9D.S.CODE.ASM","332","","","","","0","0","0","0","","","","3","1","DTXTONE","TONE","4","led.c","1","1","-1",""
"struct","LED_376AFC9D.S.CODE.ASM","332","","","","","0","0","0","0","","","","3","1","DTXTONE","TONECNT","5","led.c","1","1","-1",""
"struct","LED_376AFC9D.S.CODE.ASM","332","","","","","0","0","0","0","","","","3","1","DTXTONE","FLTG","6","led.c","1","1","-1",""
"struct","LED_376AFC9D.S.CODE.ASM","332","","","","","0","0","0","0","","","","3","1","DTXTONE","MOD","7","led.c","1","1","-1",""
"typedef","LED_376AFC9D.S.CODE.ASM","","","","","","","","11","","","","","131171","8","DTXTONE","DTXTONE","","led.c","6","1","325",""
"global","LED_376AFC9D.S.CODE.ASM","","","","","","","","2","","","","","268435459","1","dtxfltg","dtxfltg","","led.c","1","1","-1",""
"global","LED_376AFC9D.S.CODE.ASM","","","","","","","","2","","","","","268435459","1","dtxsongcnt","dtxsongcnt","","led.c","1","1","-1",""
"global","LED_376AFC9D.S.CODE.ASM","","[0]","","","","","","2","","","","","268566627","8","dtxtonech","dtxtonech","","led.c","2","0","339",""
"global","LED_376AFC9D.S.CODE.ASM","","[0]","","","","","","2","","","","","268435461","2","dtxRender","dtxRender","","led.c","2","0","-1",""
"global","LED_376AFC9D.S.CODE.ASM","","","","","","","","2","","","","","3","1","_flags026116D5","flags","","led.c","1","1","-1",""
"global","LED_376AFC9D.S.CODE.ASM","","","","","","","","2","","","","","3","1","_songidx8C42F7DA","songidx","","led.c","1","1","-1",""
"func","LED_376AFC9D.S.CODE.ASM","13","14","16","","","18","20","81","","","346","350","16","","_KeyShowLEDA84888EC","KeyShowLED","","led.c","","","","_AB97CD6AD_169"
"stmt","LED_376AFC9D.S.CODE.ASM","14","14","15","14","15","","23","47","23","47","347","347","","","","","346","led.c","","","","_AB97CD6AD_170"
"stmt","LED_376AFC9D.S.CODE.ASM","15","15","16","15","16","","47","73","47","73","348","348","","","","","346","led.c","","","","_AB97CD6AD_171"
"return","LED_376AFC9D.S.CODE.ASM","16","16","","16","","73","79","","79","","349","349","","","","","346","led.c","","","","_AB97CD6AD_172"
"return","LED_376AFC9D.S.CODE.ASM","16","16","","16","","79","79","","79","","350","350","","","","","346","led.c","","","","_AB97CD6AD_173"
"global","DATA_0EBCA7F9.S.CODE.ASM","","","","","","","","1","","","","","318767107","1","melody","melody","","data.c","2","35845","-1",""
"empty","DTX_3359D009.S.CODE.ASM","","","","","","","","","","","","","","","","","","C:\TRITAN\FDSP-IDE\tools\CC\lib\libdtx\dtx.c","","","",""
"empty","2E003DC5_GINIT.S.CODE.ASM","","","","","","","","","","","","","","","","","","2E003DC5_ginit.s.c","","","",""
